<?xml version="1.0" encoding="UTF-8" ?>
<!DOCTYPE mapper PUBLIC "-//mybatis.org//DTD Mapper 3.0//EN" "http://mybatis.org/dtd/mybatis-3-mapper.dtd" >
<mapper namespace="com.aidata.springboard2.dao.BoardDao">
    <insert id="insertBoard" parameterType="BoardDto"
            useGeneratedKeys="true" keyProperty="b_num">
        <selectKey keyProperty="b_num" resultType="Integer"
                   order="AFTER">
            SELECT LAST_INSERT_ID()
        </selectKey>
        INSERT INTO board
        VALUES (NULL,#{b_title},#{b_contents},#{b_id},
                DEFAULT,DEFAULT)
    </insert>
    <insert id="insertFile" parameterType="BoardFileDto">
        INSERT INTO boardfile
        VALUES (NULL,#{bf_bnum},#{bf_oriname},#{bf_sysname})
    </insert>

    <delete id="deleteBoard" parameterType="Integer">
        DELETE FROM board WHERE b_num=#{b_num}
    </delete>
    <delete id="deleteFiles" parameterType="Integer">
        DELETE FROM boardfile WHERE bf_bnum=#{b_num}
    </delete>
    <delete id="deleteReplays" parameterType="Integer">
        DELETE FROM reply WHERE r_bnum=#{b_num}
    </delete>

    <select id="selectBoardList" resultType="BoardDto"
            parameterType="SearchDto">
        SELECT * FROM blist
        <if test="colname != null and colname != ''">
            WHERE ${colname} LIKE CONCAT('%',#{keyword},'%')
        </if>
        LIMIT #{pageNum}, #{listCnt}
    </select>
    <select id="selectBoardCnt" resultType="Integer"
            parameterType="SearchDto">
        SELECT count(*) FROM blist
        <if test="colname != null and colname != ''">
            WHERE ${colname} LIKE CONCAT('%',#{keyword},'%')
        </if>
    </select>
    <select id="selectBoard" resultType="BoardDto"
            parameterType="Integer">
        SELECT * FROM blist WHERE b_num=#{b_num}
    </select>
    <select id="selectFileList" resultType="BoardFileDto"
            parameterType="Integer">
        SELECT * FROM boardfile WHERE bf_bnum=#{b_num}
    </select>
    <select id="selectFnameList" resultType="String"
            parameterType="Integer">
        SELECT bf_sysname FROM boardfile WHERE bf_bnum=#{b_num}
    </select>
</mapper>